Enzo,Garcia,enzofgarcia13@gmail.com
Elaya,Sison,asison13@gmail.com
Richard,Abasta,rabasta@gmail.com
Shennie,Yang,shennieyang@gmail.com
Paula,Iriola,paulanikolai@gmail.com
Mark,Ang,markang@gmail.com
Raffy,Basilla,jrbasilla@gmail.com
Sunny,Lee,sunwoolee@gmail.com
Paula,Casas,pcasas21@gmail.com
Yoonah,Kim,yoonahkim@gmail.com

